-- --------------------------------------------------------
-- Servidor:                     127.0.0.1
-- Versão do servidor:           10.1.40-MariaDB - mariadb.org binary distribution
-- OS do Servidor:               Win64
-- HeidiSQL Versão:              10.1.0.5464
-- --------------------------------------------------------

/*!40101 SET @OLD_CHARACTER_SET_CLIENT=@@CHARACTER_SET_CLIENT */;
/*!40101 SET NAMES utf8 */;
/*!50503 SET NAMES utf8mb4 */;
/*!40014 SET @OLD_FOREIGN_KEY_CHECKS=@@FOREIGN_KEY_CHECKS, FOREIGN_KEY_CHECKS=0 */;
/*!40101 SET @OLD_SQL_MODE=@@SQL_MODE, SQL_MODE='NO_AUTO_VALUE_ON_ZERO' */;


-- Copiando estrutura do banco de dados para mercado
CREATE DATABASE IF NOT EXISTS `mercado` /*!40100 DEFAULT CHARACTER SET utf8 */;
USE `mercado`;

-- Copiando estrutura para tabela mercado.ci_sessions
CREATE TABLE IF NOT EXISTS `ci_sessions` (
  `id` varchar(128) NOT NULL,
  `ip_address` varchar(45) NOT NULL,
  `timestamp` int(10) unsigned NOT NULL DEFAULT '0',
  `data` blob NOT NULL,
  KEY `ci_sessions_timestamp` (`timestamp`)
) ENGINE=InnoDB DEFAULT CHARSET=utf8;

-- Copiando dados para a tabela mercado.ci_sessions: ~139 rows (aproximadamente)
/*!40000 ALTER TABLE `ci_sessions` DISABLE KEYS */;
INSERT INTO `ci_sessions` (`id`, `ip_address`, `timestamp`, `data`) VALUES
	('oj5skv7t1uj82qlc0p1leo7l305gkmji', '127.0.0.1', 1561503409, _binary 0x5F5F63695F6C6173745F726567656E65726174657C693A313536313530333430393B),
	('vojim4urp82idjgsam2l1vcnskt3tuqo', '127.0.0.1', 1561503870, _binary 0x5F5F63695F6C6173745F726567656E65726174657C693A313536313530333837303B),
	('1li1igc3dckdn8jiifob640bqs6a1j24', '127.0.0.1', 1561503865, _binary 0x5F5F63695F6C6173745F726567656E65726174657C693A313536313530333630373B),
	('8pllheb73kh50i1krcomtfjhj1rdnro5', '127.0.0.1', 1561504659, _binary 0x5F5F63695F6C6173745F726567656E65726174657C693A313536313530343635393B69645573756172696F7C733A313A2231223B6E6F6D655F7573756172696F7C733A31333A226272756E61747265676E61676F223B6C6F6761646F7C623A313B),
	('1j6nb3peqlmso2c1brrr4it083vn33dt', '127.0.0.1', 1561506895, _binary 0x5F5F63695F6C6173745F726567656E65726174657C693A313536313530363839353B69645573756172696F7C733A313A2231223B6E6F6D655F7573756172696F7C733A31333A226272756E61747265676E61676F223B6C6F6761646F7C623A313B),
	('5992f5hmmngto9usn4c4b2bjkli4bq3d', '127.0.0.1', 1561507217, _binary 0x5F5F63695F6C6173745F726567656E65726174657C693A313536313530373231373B69645573756172696F7C733A313A2231223B6E6F6D655F7573756172696F7C733A31333A226272756E61747265676E61676F223B6C6F6761646F7C623A313B),
	('fjjk9c6t45gm9rsfnsqalhj81slp6lad', '127.0.0.1', 1561507606, _binary 0x5F5F63695F6C6173745F726567656E65726174657C693A313536313530373630363B69645573756172696F7C733A313A2231223B6E6F6D655F7573756172696F7C733A31333A226272756E61747265676E61676F223B6C6F6761646F7C623A313B),
	('emje1l3prokiph1ejm61t8qk0dhlri75', '127.0.0.1', 1561508041, _binary 0x5F5F63695F6C6173745F726567656E65726174657C693A313536313530383034313B69645573756172696F7C733A313A2231223B6E6F6D655F7573756172696F7C733A31333A226272756E61747265676E61676F223B6C6F6761646F7C623A313B),
	('st9aesqq9g9cgpt8hf3r0ff59g9ftru9', '127.0.0.1', 1561508520, _binary 0x5F5F63695F6C6173745F726567656E65726174657C693A313536313530383532303B69645573756172696F7C733A313A2231223B6E6F6D655F7573756172696F7C733A31333A226272756E61747265676E61676F223B6C6F6761646F7C623A313B6D656E736167656D7C733A393A2276616C69646163616F223B5F5F63695F766172737C613A313A7B733A383A226D656E736167656D223B733A333A226E6577223B7D),
	('e51nk0ctqe2u8s3see04hcjeejg1qj2o', '127.0.0.1', 1561508832, _binary 0x5F5F63695F6C6173745F726567656E65726174657C693A313536313530383833323B69645573756172696F7C733A313A2231223B6E6F6D655F7573756172696F7C733A31333A226272756E61747265676E61676F223B6C6F6761646F7C623A313B6D656E736167656D7C733A31313A2256616C696461C3A7C3A36F223B5F5F63695F766172737C613A313A7B733A383A226D656E736167656D223B733A333A226E6577223B7D),
	('ru8ps22tad7vutkqguirbfc7g37m2qsf', '127.0.0.1', 1561509427, _binary 0x5F5F63695F6C6173745F726567656E65726174657C693A313536313530393432373B69645573756172696F7C733A313A2231223B6E6F6D655F7573756172696F7C733A31333A226272756E61747265676E61676F223B6C6F6761646F7C623A313B6D656E736167656D7C733A31313A2256616C696461C3A7C3A36F223B5F5F63695F766172737C613A313A7B733A383A226D656E736167656D223B733A333A226E6577223B7D),
	('rt5ssl9qsbfa262b5jkqg7jkq0ajojt2', '127.0.0.1', 1561509819, _binary 0x5F5F63695F6C6173745F726567656E65726174657C693A313536313530393831393B69645573756172696F7C733A313A2231223B6E6F6D655F7573756172696F7C733A31333A226272756E61747265676E61676F223B6C6F6761646F7C623A313B),
	('ltnn0gsd2s80laknscmn3mrn90lluo36', '127.0.0.1', 1561510257, _binary 0x5F5F63695F6C6173745F726567656E65726174657C693A313536313531303235373B69645573756172696F7C733A313A2231223B6E6F6D655F7573756172696F7C733A31333A226272756E61747265676E61676F223B6C6F6761646F7C623A313B),
	('p05buhhd831m0nqik21ue27khfg3efga', '127.0.0.1', 1561510591, _binary 0x5F5F63695F6C6173745F726567656E65726174657C693A313536313531303539313B69645573756172696F7C733A313A2231223B6E6F6D655F7573756172696F7C733A31333A226272756E61747265676E61676F223B6C6F6761646F7C623A313B),
	('d5dlvvv5164sl08iakag50f3odm29mia', '127.0.0.1', 1561510905, _binary 0x5F5F63695F6C6173745F726567656E65726174657C693A313536313531303930353B69645573756172696F7C733A313A2231223B6E6F6D655F7573756172696F7C733A31333A226272756E61747265676E61676F223B6C6F6761646F7C623A313B),
	('g6kco3lpg0e95pmnvfpq9ngkjoob5nap', '127.0.0.1', 1561511126, _binary 0x5F5F63695F6C6173745F726567656E65726174657C693A313536313531303930353B69645573756172696F7C733A313A2231223B6E6F6D655F7573756172696F7C733A31333A226272756E61747265676E61676F223B6C6F6761646F7C623A313B),
	('l2jsjgehlc9bmntqhsev2lu7e2kqep6l', '127.0.0.1', 1561545121, _binary 0x5F5F63695F6C6173745F726567656E65726174657C693A313536313534353132313B),
	('sdunmgt8389lu2cvmv1s913nbbnfm4ai', '127.0.0.1', 1561545424, _binary 0x5F5F63695F6C6173745F726567656E65726174657C693A313536313534353432343B69645573756172696F7C733A313A2231223B6E6F6D655F7573756172696F7C733A31333A226272756E61747265676E61676F223B6C6F6761646F7C623A313B),
	('jq6c4lmrd0irt85d3hi0nbrpl96ggrt8', '127.0.0.1', 1561546043, _binary 0x5F5F63695F6C6173745F726567656E65726174657C693A313536313534363034333B69645573756172696F7C733A313A2231223B6E6F6D655F7573756172696F7C733A31333A226272756E61747265676E61676F223B6C6F6761646F7C623A313B6D656E736167656D7C733A38323A223C64697620636C6173733D22616C65727420616C6572742D73756363657373223E3C703E596F7520646964206E6F742073656C65637420612066696C6520746F2075706C6F61642E3C2F703E3C2F6469763E223B5F5F63695F766172737C613A313A7B733A383A226D656E736167656D223B733A333A226F6C64223B7D),
	('h2s22dsbrmaevnnfbikvet0cibuhhna8', '127.0.0.1', 1561547023, _binary 0x5F5F63695F6C6173745F726567656E65726174657C693A313536313534373032333B69645573756172696F7C733A313A2231223B6E6F6D655F7573756172696F7C733A31333A226272756E61747265676E61676F223B6C6F6761646F7C623A313B6D656E736167656D7C733A36383A223C64697620636C6173733D22616C657274223E3C703E596F7520646964206E6F742073656C65637420612066696C6520746F2075706C6F61642E3C2F703E3C2F6469763E223B5F5F63695F766172737C613A313A7B733A383A226D656E736167656D223B733A333A226F6C64223B7D),
	('taguejfdmqfhni8ji115e4t597fjmh1s', '127.0.0.1', 1561547457, _binary 0x5F5F63695F6C6173745F726567656E65726174657C693A313536313534373435373B69645573756172696F7C733A313A2231223B6E6F6D655F7573756172696F7C733A31333A226272756E61747265676E61676F223B6C6F6761646F7C623A313B6D656E736167656D7C733A34333A223C703E596F7520646964206E6F742073656C65637420612066696C6520746F2075706C6F61642E3C2F703E223B5F5F63695F766172737C613A313A7B733A383A226D656E736167656D223B733A333A226F6C64223B7D),
	('1742bt8u5sj1s2irtdcbdq8virvfp77f', '127.0.0.1', 1561547952, _binary 0x5F5F63695F6C6173745F726567656E65726174657C693A313536313534373935323B69645573756172696F7C733A313A2231223B6E6F6D655F7573756172696F7C733A31333A226272756E61747265676E61676F223B6C6F6761646F7C623A313B),
	('k6rl3j5o7fqtpeddsn9uhg82fotg8g9u', '127.0.0.1', 1561548265, _binary 0x5F5F63695F6C6173745F726567656E65726174657C693A313536313534383236353B69645573756172696F7C733A313A2231223B6E6F6D655F7573756172696F7C733A31333A226272756E61747265676E61676F223B6C6F6761646F7C623A313B6D656E736167656D7C733A34333A223C703E596F7520646964206E6F742073656C65637420612066696C6520746F2075706C6F61642E3C2F703E223B5F5F63695F766172737C613A313A7B733A383A226D656E736167656D223B733A333A226F6C64223B7D),
	('sno2l5mq6k7vo3522jlvd46mv7kiv7d9', '127.0.0.1', 1561548640, _binary 0x5F5F63695F6C6173745F726567656E65726174657C693A313536313534383634303B69645573756172696F7C733A313A2231223B6E6F6D655F7573756172696F7C733A31333A226272756E61747265676E61676F223B6C6F6761646F7C623A313B6D656E736167656D7C733A34333A223C703E596F7520646964206E6F742073656C65637420612066696C6520746F2075706C6F61642E3C2F703E223B5F5F63695F766172737C613A313A7B733A383A226D656E736167656D223B733A333A226F6C64223B7D),
	('dan32h38qcvkdcefvskknous6hjm057p', '127.0.0.1', 1561548956, _binary 0x5F5F63695F6C6173745F726567656E65726174657C693A313536313534383935363B69645573756172696F7C733A313A2231223B6E6F6D655F7573756172696F7C733A31333A226272756E61747265676E61676F223B6C6F6761646F7C623A313B),
	('8gpug7a7kmg66cvj74nmut6vlse1jfi1', '127.0.0.1', 1561549156, _binary 0x5F5F63695F6C6173745F726567656E65726174657C693A313536313534383935363B69645573756172696F7C733A313A2231223B6E6F6D655F7573756172696F7C733A31333A226272756E61747265676E61676F223B6C6F6761646F7C623A313B),
	('fjas16h1oqnhv47abj1krtg0qtb2j6go', '127.0.0.1', 1561566824, _binary 0x5F5F63695F6C6173745F726567656E65726174657C693A313536313536363832333B),
	('7u4so4qa134tr8gmb5pr0fdna6ej7v53', '127.0.0.1', 1561567127, _binary 0x5F5F63695F6C6173745F726567656E65726174657C693A313536313536373132373B),
	('dj1e390c6h5ku4b7japujntvqge3isbf', '127.0.0.1', 1561567429, _binary 0x5F5F63695F6C6173745F726567656E65726174657C693A313536313536373432393B),
	('mjm95vccljp3tq2dj5gbqk04hdha90b0', '127.0.0.1', 1561568083, _binary 0x5F5F63695F6C6173745F726567656E65726174657C693A313536313536383038333B),
	('dta4oboadutuhupb2h5h4qffrc0b20sp', '127.0.0.1', 1561568484, _binary 0x5F5F63695F6C6173745F726567656E65726174657C693A313536313536383438343B),
	('j6fls57ogjpttmnsmq7vcpo7btonhnt0', '127.0.0.1', 1561569228, _binary 0x5F5F63695F6C6173745F726567656E65726174657C693A313536313536393232383B),
	('hrer3mds0ffc7fo8eg7c6ahgsmj2a4en', '127.0.0.1', 1561569263, _binary 0x5F5F63695F6C6173745F726567656E65726174657C693A313536313536393232383B69645573756172696F7C733A313A2231223B6E6F6D655F7573756172696F7C733A31333A226272756E61747265676E61676F223B6C6F6761646F7C623A313B6D656E736167656D7C733A34333A223C703E596F7520646964206E6F742073656C65637420612066696C6520746F2075706C6F61642E3C2F703E223B5F5F63695F766172737C613A313A7B733A383A226D656E736167656D223B733A333A226F6C64223B7D),
	('194hu97lqudardcdt6566gmi6nd8r67n', '127.0.0.1', 1561585413, _binary 0x5F5F63695F6C6173745F726567656E65726174657C693A313536313538353431313B),
	('62ijtnjtags6cnie9794j6l3r38sq4tm', '127.0.0.1', 1561585723, _binary 0x5F5F63695F6C6173745F726567656E65726174657C693A313536313538353732333B69645573756172696F7C733A313A2231223B6E6F6D655F7573756172696F7C733A31333A226272756E61747265676E61676F223B6C6F6761646F7C623A313B),
	('mmc919thnugf299j6og9cuvb203ujsla', '127.0.0.1', 1561586052, _binary 0x5F5F63695F6C6173745F726567656E65726174657C693A313536313538363035323B69645573756172696F7C733A313A2231223B6E6F6D655F7573756172696F7C733A31333A226272756E61747265676E61676F223B6C6F6761646F7C623A313B),
	('839merj35hvd7ido1v2ghv46ojt9plud', '127.0.0.1', 1561586386, _binary 0x5F5F63695F6C6173745F726567656E65726174657C693A313536313538363338363B69645573756172696F7C733A313A2231223B6E6F6D655F7573756172696F7C733A31333A226272756E61747265676E61676F223B6C6F6761646F7C623A313B),
	('lq9l94d1at3qgcfrqh90nde56snakba2', '127.0.0.1', 1561586753, _binary 0x5F5F63695F6C6173745F726567656E65726174657C693A313536313538363735333B69645573756172696F7C733A313A2231223B6E6F6D655F7573756172696F7C733A31333A226272756E61747265676E61676F223B6C6F6761646F7C623A313B),
	('elk7t86fc63r5na9a4abgaki6bncpghj', '127.0.0.1', 1561587176, _binary 0x5F5F63695F6C6173745F726567656E65726174657C693A313536313538373137363B69645573756172696F7C733A313A2231223B6E6F6D655F7573756172696F7C733A31333A226272756E61747265676E61676F223B6C6F6761646F7C623A313B),
	('26l45muogk385f6pf7q35lho1s1gs8uq', '127.0.0.1', 1561588234, _binary 0x5F5F63695F6C6173745F726567656E65726174657C693A313536313538383233343B69645573756172696F7C733A313A2231223B6E6F6D655F7573756172696F7C733A31333A226272756E61747265676E61676F223B6C6F6761646F7C623A313B),
	('cno0e2s97fbc111vnmilpji4gaqhfplr', '127.0.0.1', 1561587915, _binary 0x5F5F63695F6C6173745F726567656E65726174657C693A313536313538373931353B69645573756172696F7C733A313A2231223B6E6F6D655F7573756172696F7C733A31333A226272756E61747265676E61676F223B6C6F6761646F7C623A313B6D656E736167656D7C733A31393A2246616C686120616F20617475616C697A61722E223B5F5F63695F766172737C613A313A7B733A383A226D656E736167656D223B733A333A226E6577223B7D),
	('mmfqll8pmfolibhtq774r730lfje8g66', '127.0.0.1', 1561588536, _binary 0x5F5F63695F6C6173745F726567656E65726174657C693A313536313538383533363B69645573756172696F7C733A313A2231223B6E6F6D655F7573756172696F7C733A31333A226272756E61747265676E61676F223B6C6F6761646F7C623A313B),
	('pdchrdpg4j06fte41884apv6fp9ujjql', '127.0.0.1', 1561588845, _binary 0x5F5F63695F6C6173745F726567656E65726174657C693A313536313538383834353B69645573756172696F7C733A313A2231223B6E6F6D655F7573756172696F7C733A31333A226272756E61747265676E61676F223B6C6F6761646F7C623A313B),
	('f4qd2ql9q69kf0vfe79r626ubbq4rre3', '127.0.0.1', 1561589146, _binary 0x5F5F63695F6C6173745F726567656E65726174657C693A313536313538393134363B69645573756172696F7C733A313A2231223B6E6F6D655F7573756172696F7C733A31333A226272756E61747265676E61676F223B6C6F6761646F7C623A313B),
	('t3smq6ft1pogmq3jsp0har6ii0i7hr5d', '127.0.0.1', 1561589517, _binary 0x5F5F63695F6C6173745F726567656E65726174657C693A313536313538393531373B69645573756172696F7C733A313A2231223B6E6F6D655F7573756172696F7C733A31333A226272756E61747265676E61676F223B6C6F6761646F7C623A313B),
	('gne9vu3pm395tq93ijjdm0m58bhi34ln', '127.0.0.1', 1561589832, _binary 0x5F5F63695F6C6173745F726567656E65726174657C693A313536313538393833323B69645573756172696F7C733A313A2231223B6E6F6D655F7573756172696F7C733A31333A226272756E61747265676E61676F223B6C6F6761646F7C623A313B),
	('5qlo0aae8cvko552mpf9n94ul65ruadg', '127.0.0.1', 1561590203, _binary 0x5F5F63695F6C6173745F726567656E65726174657C693A313536313539303230333B69645573756172696F7C733A313A2231223B6E6F6D655F7573756172696F7C733A31333A226272756E61747265676E61676F223B6C6F6761646F7C623A313B),
	('jh9049dc3r740lnobn6gq4u17iv9opj6', '127.0.0.1', 1561590537, _binary 0x5F5F63695F6C6173745F726567656E65726174657C693A313536313539303533373B69645573756172696F7C733A313A2231223B6E6F6D655F7573756172696F7C733A31333A226272756E61747265676E61676F223B6C6F6761646F7C623A313B),
	('8chr1jfuofm9crvoi3dph9a91aod75tg', '127.0.0.1', 1561590875, _binary 0x5F5F63695F6C6173745F726567656E65726174657C693A313536313539303837353B69645573756172696F7C733A313A2231223B6E6F6D655F7573756172696F7C733A31333A226272756E61747265676E61676F223B6C6F6761646F7C623A313B),
	('2j6465027mj1sb9r53u76vcu7bluk7m1', '127.0.0.1', 1561591272, _binary 0x5F5F63695F6C6173745F726567656E65726174657C693A313536313539313237323B69645573756172696F7C733A313A2231223B6E6F6D655F7573756172696F7C733A31333A226272756E61747265676E61676F223B6C6F6761646F7C623A313B),
	('5u87pj7trjoqhh42el302temq559pu9j', '127.0.0.1', 1561591614, _binary 0x5F5F63695F6C6173745F726567656E65726174657C693A313536313539313631343B69645573756172696F7C733A313A2231223B6E6F6D655F7573756172696F7C733A31333A226272756E61747265676E61676F223B6C6F6761646F7C623A313B),
	('pbjhdeev9vb1bpan441bsc0de9bjj3q0', '127.0.0.1', 1561591932, _binary 0x5F5F63695F6C6173745F726567656E65726174657C693A313536313539313933323B69645573756172696F7C733A313A2231223B6E6F6D655F7573756172696F7C733A31333A226272756E61747265676E61676F223B6C6F6761646F7C623A313B),
	('h3qc2r6qnc01b3l8r8rm8subkiqgd9h3', '127.0.0.1', 1561592983, _binary 0x5F5F63695F6C6173745F726567656E65726174657C693A313536313539323938333B69645573756172696F7C733A313A2231223B6E6F6D655F7573756172696F7C733A31333A226272756E61747265676E61676F223B6C6F6761646F7C623A313B),
	('af7r74cc4j46pral3fvkmdigihjh0vub', '127.0.0.1', 1561593315, _binary 0x5F5F63695F6C6173745F726567656E65726174657C693A313536313539333331353B69645573756172696F7C733A313A2231223B6E6F6D655F7573756172696F7C733A31333A226272756E61747265676E61676F223B6C6F6761646F7C623A313B),
	('u6spmrbq3aatv8qi9poejaqkj5inr0c8', '127.0.0.1', 1561593650, _binary 0x5F5F63695F6C6173745F726567656E65726174657C693A313536313539333635303B69645573756172696F7C733A313A2231223B6E6F6D655F7573756172696F7C733A31333A226272756E61747265676E61676F223B6C6F6761646F7C623A313B),
	('6tknam6qu09c4hpo9kt8bo44kb887idr', '127.0.0.1', 1561593971, _binary 0x5F5F63695F6C6173745F726567656E65726174657C693A313536313539333937313B69645573756172696F7C733A313A2231223B6E6F6D655F7573756172696F7C733A31333A226272756E61747265676E61676F223B6C6F6761646F7C623A313B),
	('gpkcg4e0u7cnimlpiqpdp8g1smn0hpid', '127.0.0.1', 1561594299, _binary 0x5F5F63695F6C6173745F726567656E65726174657C693A313536313539343239393B69645573756172696F7C733A313A2231223B6E6F6D655F7573756172696F7C733A31333A226272756E61747265676E61676F223B6C6F6761646F7C623A313B),
	('mrc3473djs393q8tdab31jmfkoecvk3h', '127.0.0.1', 1561594600, _binary 0x5F5F63695F6C6173745F726567656E65726174657C693A313536313539343630303B69645573756172696F7C733A313A2231223B6E6F6D655F7573756172696F7C733A31333A226272756E61747265676E61676F223B6C6F6761646F7C623A313B),
	('hgia7m8k7n99039jtsrhb4f02kdbq22d', '127.0.0.1', 1561594901, _binary 0x5F5F63695F6C6173745F726567656E65726174657C693A313536313539343930313B69645573756172696F7C733A313A2231223B6E6F6D655F7573756172696F7C733A31333A226272756E61747265676E61676F223B6C6F6761646F7C623A313B),
	('7bsgi22g1cm47jmvblq29bqr5jidmk09', '127.0.0.1', 1561595315, _binary 0x5F5F63695F6C6173745F726567656E65726174657C693A313536313539353331353B69645573756172696F7C733A313A2231223B6E6F6D655F7573756172696F7C733A31333A226272756E61747265676E61676F223B6C6F6761646F7C623A313B),
	('m8uqch27jhj48ipmg9frt239sbhggiu2', '127.0.0.1', 1561595696, _binary 0x5F5F63695F6C6173745F726567656E65726174657C693A313536313539353639363B69645573756172696F7C733A313A2231223B6E6F6D655F7573756172696F7C733A31333A226272756E61747265676E61676F223B6C6F6761646F7C623A313B),
	('pl5p2ddsecjgskrrtivevtv7f2fmrajv', '127.0.0.1', 1561596148, _binary 0x5F5F63695F6C6173745F726567656E65726174657C693A313536313539363134383B69645573756172696F7C733A313A2231223B6E6F6D655F7573756172696F7C733A31333A226272756E61747265676E61676F223B6C6F6761646F7C623A313B),
	('6fvpt690j2ah8b8b3o8fc38d1o3r5v3b', '127.0.0.1', 1561596920, _binary 0x5F5F63695F6C6173745F726567656E65726174657C693A313536313539363932303B69645573756172696F7C733A313A2231223B6E6F6D655F7573756172696F7C733A31333A226272756E61747265676E61676F223B6C6F6761646F7C623A313B),
	('an1kj1mrgq97t9cjclpi8n7hirm5ge4o', '127.0.0.1', 1561597731, _binary 0x5F5F63695F6C6173745F726567656E65726174657C693A313536313539373733313B69645573756172696F7C733A313A2231223B6E6F6D655F7573756172696F7C733A31333A226272756E61747265676E61676F223B6C6F6761646F7C623A313B),
	('sc1n2qfg4bt4cdjni6pna0mibdhu2lnb', '127.0.0.1', 1561601692, _binary 0x5F5F63695F6C6173745F726567656E65726174657C693A313536313630313639323B69645573756172696F7C733A313A2231223B6E6F6D655F7573756172696F7C733A31333A226272756E61747265676E61676F223B6C6F6761646F7C623A313B),
	('j8sbk2nfvcd1nkg6l35vpgioab8hmski', '127.0.0.1', 1561602007, _binary 0x5F5F63695F6C6173745F726567656E65726174657C693A313536313630323030373B69645573756172696F7C733A313A2231223B6E6F6D655F7573756172696F7C733A31333A226272756E61747265676E61676F223B6C6F6761646F7C623A313B),
	('8bcfifjcvlb0s7qenjhet7e6fa3d6aa6', '127.0.0.1', 1561601776, _binary 0x5F5F63695F6C6173745F726567656E65726174657C693A313536313630313731303B),
	('hamqehu08hq3cneq6a8suvtdb1t0glo2', '127.0.0.1', 1561602425, _binary 0x5F5F63695F6C6173745F726567656E65726174657C693A313536313630323432353B69645573756172696F7C733A313A2231223B6E6F6D655F7573756172696F7C733A31333A226272756E61747265676E61676F223B6C6F6761646F7C623A313B),
	('pm5j1j32drl3daj94viua2dlebnnmkv6', '127.0.0.1', 1561602745, _binary 0x5F5F63695F6C6173745F726567656E65726174657C693A313536313630323734353B69645573756172696F7C733A313A2231223B6E6F6D655F7573756172696F7C733A31333A226272756E61747265676E61676F223B6C6F6761646F7C623A313B),
	('g2iimftm4mje35q0rkbe7n9ldg1fm9qo', '127.0.0.1', 1561603072, _binary 0x5F5F63695F6C6173745F726567656E65726174657C693A313536313630333037323B69645573756172696F7C733A313A2231223B6E6F6D655F7573756172696F7C733A31333A226272756E61747265676E61676F223B6C6F6761646F7C623A313B),
	('d0hg9ch3lgg8pt8ba83piqbl4obc4d3j', '127.0.0.1', 1561603425, _binary 0x5F5F63695F6C6173745F726567656E65726174657C693A313536313630333432353B69645573756172696F7C733A313A2231223B6E6F6D655F7573756172696F7C733A31333A226272756E61747265676E61676F223B6C6F6761646F7C623A313B),
	('pq6ikfghc7idrdbmjovtv3qgnb1tdtvj', '127.0.0.1', 1561603740, _binary 0x5F5F63695F6C6173745F726567656E65726174657C693A313536313630333734303B69645573756172696F7C733A313A2231223B6E6F6D655F7573756172696F7C733A31333A226272756E61747265676E61676F223B6C6F6761646F7C623A313B),
	('n6jrbe1v0lndh0nr09j3f4o5g4ad7br1', '127.0.0.1', 1561604196, _binary 0x5F5F63695F6C6173745F726567656E65726174657C693A313536313630343139363B69645573756172696F7C733A313A2231223B6E6F6D655F7573756172696F7C733A31333A226272756E61747265676E61676F223B6C6F6761646F7C623A313B),
	('cseqq4d40onobpc0ur4uau4q0n77d6f6', '127.0.0.1', 1561604531, _binary 0x5F5F63695F6C6173745F726567656E65726174657C693A313536313630343533313B69645573756172696F7C733A313A2231223B6E6F6D655F7573756172696F7C733A31333A226272756E61747265676E61676F223B6C6F6761646F7C623A313B),
	('01br0uk12jdjd31kcfqtpjha29bla960', '127.0.0.1', 1561604846, _binary 0x5F5F63695F6C6173745F726567656E65726174657C693A313536313630343834363B69645573756172696F7C733A313A2231223B6E6F6D655F7573756172696F7C733A31333A226272756E61747265676E61676F223B6C6F6761646F7C623A313B),
	('p36nh9te1rhn590u00fgdkefpnau6o4t', '127.0.0.1', 1561605183, _binary 0x5F5F63695F6C6173745F726567656E65726174657C693A313536313630353138333B69645573756172696F7C733A313A2231223B6E6F6D655F7573756172696F7C733A31333A226272756E61747265676E61676F223B6C6F6761646F7C623A313B),
	('g9ugqe2qmbe26nh279s7iggdoupt861l', '127.0.0.1', 1561605489, _binary 0x5F5F63695F6C6173745F726567656E65726174657C693A313536313630353438393B69645573756172696F7C733A313A2231223B6E6F6D655F7573756172696F7C733A31333A226272756E61747265676E61676F223B6C6F6761646F7C623A313B),
	('vnlrrg8c498jdk20k24g2tutedsi84ec', '127.0.0.1', 1561605819, _binary 0x5F5F63695F6C6173745F726567656E65726174657C693A313536313630353831393B69645573756172696F7C733A313A2231223B6E6F6D655F7573756172696F7C733A31333A226272756E61747265676E61676F223B6C6F6761646F7C623A313B),
	('89b6ppuk8utd74ggtve8dlrjd7360g7d', '127.0.0.1', 1561607576, _binary 0x5F5F63695F6C6173745F726567656E65726174657C693A313536313630373537363B69645573756172696F7C733A313A2231223B6E6F6D655F7573756172696F7C733A31333A226272756E61747265676E61676F223B6C6F6761646F7C623A313B),
	('5agtlo4kfr7mkpfeps79gaebhhb3k9hk', '127.0.0.1', 1561607886, _binary 0x5F5F63695F6C6173745F726567656E65726174657C693A313536313630373838363B69645573756172696F7C733A313A2231223B6E6F6D655F7573756172696F7C733A31333A226272756E61747265676E61676F223B6C6F6761646F7C623A313B),
	('llel2f2l2cirklcdlju9rgq6ichgroja', '127.0.0.1', 1561609027, _binary 0x5F5F63695F6C6173745F726567656E65726174657C693A313536313630393032373B69645573756172696F7C733A313A2231223B6E6F6D655F7573756172696F7C733A31333A226272756E61747265676E61676F223B6C6F6761646F7C623A313B),
	('qogif0h0o8lq0026ldgl4k7gl1suvf1u', '127.0.0.1', 1561609374, _binary 0x5F5F63695F6C6173745F726567656E65726174657C693A313536313630393337343B69645573756172696F7C733A313A2231223B6E6F6D655F7573756172696F7C733A31333A226272756E61747265676E61676F223B6C6F6761646F7C623A313B),
	('dpo3bjur27ls64kp2cop67hu2f6ibf8e', '127.0.0.1', 1561609712, _binary 0x5F5F63695F6C6173745F726567656E65726174657C693A313536313630393731323B69645573756172696F7C733A313A2231223B6E6F6D655F7573756172696F7C733A31333A226272756E61747265676E61676F223B6C6F6761646F7C623A313B),
	('qaa1bd8au05asfjol6ma6j594rqtjdsq', '127.0.0.1', 1561610027, _binary 0x5F5F63695F6C6173745F726567656E65726174657C693A313536313631303032373B69645573756172696F7C733A313A2231223B6E6F6D655F7573756172696F7C733A31333A226272756E61747265676E61676F223B6C6F6761646F7C623A313B),
	('eee5i697lkf6lh1osaeap4tqo30f0d6g', '127.0.0.1', 1561609736, _binary 0x5F5F63695F6C6173745F726567656E65726174657C693A313536313630393733353B),
	('4sdu4l4ok0k0dht4nr409ladfviam9qi', '127.0.0.1', 1561609910, _binary 0x5F5F63695F6C6173745F726567656E65726174657C693A313536313630393930393B),
	('2auo21i4s1svmge4q3p5f2l2b7bgoime', '127.0.0.1', 1561610417, _binary 0x5F5F63695F6C6173745F726567656E65726174657C693A313536313631303431373B69645573756172696F7C733A313A2231223B6E6F6D655F7573756172696F7C733A31333A226272756E61747265676E61676F223B6C6F6761646F7C623A313B),
	('1l7plq8s0724jpg5q3eirk63nlp392nv', '127.0.0.1', 1561610435, _binary 0x5F5F63695F6C6173745F726567656E65726174657C693A313536313631303431373B69645573756172696F7C733A313A2231223B6E6F6D655F7573756172696F7C733A31333A226272756E61747265676E61676F223B6C6F6761646F7C623A313B),
	('s28phnvsspjff9e0pqfaujo4kichdg25', '127.0.0.1', 1561610472, _binary 0x5F5F63695F6C6173745F726567656E65726174657C693A313536313631303436343B),
	('akidcqlrsikcabnipol3h742j2fbcfc7', '127.0.0.1', 1561610843, _binary 0x5F5F63695F6C6173745F726567656E65726174657C693A313536313631303834333B),
	('23o30kasv5emdmej1jee2c460fcur9ac', '127.0.0.1', 1561611158, _binary 0x5F5F63695F6C6173745F726567656E65726174657C693A313536313631313135383B69645573756172696F7C733A313A2231223B6E6F6D655F7573756172696F7C733A31333A226272756E61747265676E61676F223B6C6F6761646F7C623A313B),
	('aamcusl1ksln1l13gdmepa6r6i4s791p', '127.0.0.1', 1561611504, _binary 0x5F5F63695F6C6173745F726567656E65726174657C693A313536313631313530343B69645573756172696F7C733A313A2231223B6E6F6D655F7573756172696F7C733A31333A226272756E61747265676E61676F223B6C6F6761646F7C623A313B),
	('l3emo7oa9a8fcev9omn7656hmrfoaodv', '127.0.0.1', 1561611818, _binary 0x5F5F63695F6C6173745F726567656E65726174657C693A313536313631313831383B69645573756172696F7C733A313A2231223B6E6F6D655F7573756172696F7C733A31333A226272756E61747265676E61676F223B6C6F6761646F7C623A313B),
	('htm99mbgv833pum67vopfk5b10go5csg', '127.0.0.1', 1561612146, _binary 0x5F5F63695F6C6173745F726567656E65726174657C693A313536313631323134363B69645573756172696F7C733A313A2231223B6E6F6D655F7573756172696F7C733A31333A226272756E61747265676E61676F223B6C6F6761646F7C623A313B),
	('9b100jlbv95oe66prk39jo1m51m8q5iv', '127.0.0.1', 1561612469, _binary 0x5F5F63695F6C6173745F726567656E65726174657C693A313536313631323436393B69645573756172696F7C733A313A2231223B6E6F6D655F7573756172696F7C733A31333A226272756E61747265676E61676F223B6C6F6761646F7C623A313B),
	('nab5hv23nkldb70f0dgg22n3kk54t9vq', '127.0.0.1', 1561612727, _binary 0x5F5F63695F6C6173745F726567656E65726174657C693A313536313631323436393B69645573756172696F7C733A313A2231223B6E6F6D655F7573756172696F7C733A31333A226272756E61747265676E61676F223B6C6F6761646F7C623A313B),
	('mj5g2q986m7dpmkcm3r9ntaomrs6b6qj', '127.0.0.1', 1561632368, _binary 0x5F5F63695F6C6173745F726567656E65726174657C693A313536313633323336383B),
	('186hro4r7o5vddqe1em00lvps4p50fp7', '127.0.0.1', 1561632675, _binary 0x5F5F63695F6C6173745F726567656E65726174657C693A313536313633323637353B),
	('0au7chbj54etjdhbb4nf2ldgck7906rm', '127.0.0.1', 1561633001, _binary 0x5F5F63695F6C6173745F726567656E65726174657C693A313536313633333030313B),
	('0vqkceqa19qd005j8k5734gkv0b1du5b', '127.0.0.1', 1561633309, _binary 0x5F5F63695F6C6173745F726567656E65726174657C693A313536313633333330393B),
	('kc8ugsgn4aanv9cssi49eph56ht3eq74', '127.0.0.1', 1561633696, _binary 0x5F5F63695F6C6173745F726567656E65726174657C693A313536313633333639363B),
	('ovqa6t9ajng2pgousptlrjqnnuvjks34', '127.0.0.1', 1561634291, _binary 0x5F5F63695F6C6173745F726567656E65726174657C693A313536313633343239313B69645573756172696F7C733A313A2231223B6E6F6D655F7573756172696F7C733A31333A226272756E61747265676E61676F223B6C6F6761646F7C623A313B),
	('khcg9lgt5mmrfvh6v13otu5as7qtn2po', '127.0.0.1', 1561634585, _binary 0x5F5F63695F6C6173745F726567656E65726174657C693A313536313633343239313B69645573756172696F7C733A313A2231223B6E6F6D655F7573756172696F7C733A31333A226272756E61747265676E61676F223B6C6F6761646F7C623A313B),
	('pf5q8ief93alti6k7cl7oblpgj4765it', '127.0.0.1', 1561652668, _binary 0x5F5F63695F6C6173745F726567656E65726174657C693A313536313635323636383B),
	('hef0fscbrf3rtcf4me3m76ktkpefpkei', '127.0.0.1', 1561653025, _binary 0x5F5F63695F6C6173745F726567656E65726174657C693A313536313635333032353B),
	('jjnm10llqcetd99bjo4h0l6e5tvfpk0o', '127.0.0.1', 1561653386, _binary 0x5F5F63695F6C6173745F726567656E65726174657C693A313536313635333338363B),
	('r5locqcjkqdkduvk7bac7ojqd5p76d0e', '127.0.0.1', 1561653714, _binary 0x5F5F63695F6C6173745F726567656E65726174657C693A313536313635333731343B),
	('bgmp6inu7mkemhsab12v40eacppgbon6', '127.0.0.1', 1561654079, _binary 0x5F5F63695F6C6173745F726567656E65726174657C693A313536313635343037393B),
	('viv0fejgo53oi1cc117c6kcd5bucor9e', '127.0.0.1', 1561654079, _binary 0x5F5F63695F6C6173745F726567656E65726174657C693A313536313635343037393B),
	('gnfaj460ivg4on4tdhqutocddrla0us9', '127.0.0.1', 1561671836, _binary 0x5F5F63695F6C6173745F726567656E65726174657C693A313536313637313833363B),
	('q6ed1fq6fk41tc14ts9o167rnmjtd7if', '127.0.0.1', 1561672277, _binary 0x5F5F63695F6C6173745F726567656E65726174657C693A313536313637323237373B),
	('5rkkc1mg0q8esra7jt8c33kcqnsqt87o', '127.0.0.1', 1561672599, _binary 0x5F5F63695F6C6173745F726567656E65726174657C693A313536313637323539393B),
	('mt07bajmruchki6t44mi8q23gsi6v3h3', '127.0.0.1', 1561673088, _binary 0x5F5F63695F6C6173745F726567656E65726174657C693A313536313637333038383B),
	('iu08m28g04sl1lh6novclimoef00auh4', '127.0.0.1', 1561673487, _binary 0x5F5F63695F6C6173745F726567656E65726174657C693A313536313637333438373B69645573756172696F7C733A313A2231223B6E6F6D655F7573756172696F7C733A31333A226272756E61747265676E61676F223B6C6F6761646F7C623A313B),
	('b5ab88f2po9voo8mpmrhgdlrp0vk6i7p', '127.0.0.1', 1561673792, _binary 0x5F5F63695F6C6173745F726567656E65726174657C693A313536313637333739323B69645573756172696F7C733A313A2231223B6E6F6D655F7573756172696F7C733A31333A226272756E61747265676E61676F223B6C6F6761646F7C623A313B),
	('1koj32hqsrtkisujfa4en363uon81ihr', '127.0.0.1', 1561674137, _binary 0x5F5F63695F6C6173745F726567656E65726174657C693A313536313637343133373B69645573756172696F7C733A313A2231223B6E6F6D655F7573756172696F7C733A31333A226272756E61747265676E61676F223B6C6F6761646F7C623A313B),
	('a48lieh44tdtfstqdkms4jj05gnkmogq', '127.0.0.1', 1561674446, _binary 0x5F5F63695F6C6173745F726567656E65726174657C693A313536313637343434363B69645573756172696F7C733A313A2231223B6E6F6D655F7573756172696F7C733A31333A226272756E61747265676E61676F223B6C6F6761646F7C623A313B),
	('l8skn8pt50ebgqvko4pvud713u942hjq', '127.0.0.1', 1561674892, _binary 0x5F5F63695F6C6173745F726567656E65726174657C693A313536313637343839323B69645573756172696F7C733A313A2231223B6E6F6D655F7573756172696F7C733A31333A226272756E61747265676E61676F223B6C6F6761646F7C623A313B),
	('m5n28ricffsnc48its3u5529m4kmma3p', '127.0.0.1', 1561675520, _binary 0x5F5F63695F6C6173745F726567656E65726174657C693A313536313637353532303B69645573756172696F7C733A313A2231223B6E6F6D655F7573756172696F7C733A31333A226272756E61747265676E61676F223B6C6F6761646F7C623A313B),
	('kopbrjq48eg2dcegakptf25gip2i8puu', '127.0.0.1', 1561675199, _binary 0x5F5F63695F6C6173745F726567656E65726174657C693A313536313637353139393B69645573756172696F7C733A313A2231223B6E6F6D655F7573756172696F7C733A31333A226272756E61747265676E61676F223B6C6F6761646F7C623A313B),
	('lccgutjrp7ubd77khts77kl1dc8qbq5c', '127.0.0.1', 1561675927, _binary 0x5F5F63695F6C6173745F726567656E65726174657C693A313536313637353932373B69645573756172696F7C733A313A2231223B6E6F6D655F7573756172696F7C733A31333A226272756E61747265676E61676F223B6C6F6761646F7C623A313B),
	('1pdhhnht392qep5f9fbjrhnpqufkvspj', '127.0.0.1', 1561676254, _binary 0x5F5F63695F6C6173745F726567656E65726174657C693A313536313637363235343B69645573756172696F7C733A313A2231223B6E6F6D655F7573756172696F7C733A31333A226272756E61747265676E61676F223B6C6F6761646F7C623A313B),
	('po7g6gtoigpklfdp6lun52bhjbptuuf1', '127.0.0.1', 1561676964, _binary 0x5F5F63695F6C6173745F726567656E65726174657C693A313536313637363936343B69645573756172696F7C733A313A2231223B6E6F6D655F7573756172696F7C733A31333A226272756E61747265676E61676F223B6C6F6761646F7C623A313B),
	('brpdo9vd15305u8oj6b0ars9vjgqkfqk', '127.0.0.1', 1561677333, _binary 0x5F5F63695F6C6173745F726567656E65726174657C693A313536313637373333333B69645573756172696F7C733A313A2231223B6E6F6D655F7573756172696F7C733A31333A226272756E61747265676E61676F223B6C6F6761646F7C623A313B),
	('nuof4j0bkjshm3ttneb3q26sv8b4borc', '127.0.0.1', 1561677644, _binary 0x5F5F63695F6C6173745F726567656E65726174657C693A313536313637373634343B69645573756172696F7C733A313A2231223B6E6F6D655F7573756172696F7C733A31333A226272756E61747265676E61676F223B6C6F6761646F7C623A313B),
	('lquaqnpea77pm562kf253j4trhil95pc', '127.0.0.1', 1561678230, _binary 0x5F5F63695F6C6173745F726567656E65726174657C693A313536313637383233303B69645573756172696F7C733A313A2231223B6E6F6D655F7573756172696F7C733A31333A226272756E61747265676E61676F223B6C6F6761646F7C623A313B),
	('7hflolj5pq6hldqupq2lh9k0ncvrhnk4', '127.0.0.1', 1561679062, _binary 0x5F5F63695F6C6173745F726567656E65726174657C693A313536313637393036323B69645573756172696F7C733A313A2231223B6E6F6D655F7573756172696F7C733A31333A226272756E61747265676E61676F223B6C6F6761646F7C623A313B),
	('l9e6u9foogsv8rfunjul643qfiuit80t', '127.0.0.1', 1561679822, _binary 0x5F5F63695F6C6173745F726567656E65726174657C693A313536313637393832323B69645573756172696F7C733A313A2231223B6E6F6D655F7573756172696F7C733A31333A226272756E61747265676E61676F223B6C6F6761646F7C623A313B),
	('rbkb1eeuj7v1uar3oo38fsu03u3u875o', '127.0.0.1', 1561680164, _binary 0x5F5F63695F6C6173745F726567656E65726174657C693A313536313638303136343B69645573756172696F7C733A313A2231223B6E6F6D655F7573756172696F7C733A31333A226272756E61747265676E61676F223B6C6F6761646F7C623A313B),
	('qoo51pmf0eg2s6nhh0n253qb191re03c', '127.0.0.1', 1561680526, _binary 0x5F5F63695F6C6173745F726567656E65726174657C693A313536313638303532363B69645573756172696F7C733A313A2231223B6E6F6D655F7573756172696F7C733A31333A226272756E61747265676E61676F223B6C6F6761646F7C623A313B),
	('ugtpmj73d9ddcvm8uu7effsa85hg7jjm', '127.0.0.1', 1561680881, _binary 0x5F5F63695F6C6173745F726567656E65726174657C693A313536313638303838313B69645573756172696F7C733A313A2231223B6E6F6D655F7573756172696F7C733A31333A226272756E61747265676E61676F223B6C6F6761646F7C623A313B),
	('cajj1cb0uotgoii290gvctfmo41jq50g', '127.0.0.1', 1561681207, _binary 0x5F5F63695F6C6173745F726567656E65726174657C693A313536313638313230373B69645573756172696F7C733A313A2231223B6E6F6D655F7573756172696F7C733A31333A226272756E61747265676E61676F223B6C6F6761646F7C623A313B),
	('h56akdcj2fs67b55fgc74jp4ppsrsee5', '127.0.0.1', 1561681563, _binary 0x5F5F63695F6C6173745F726567656E65726174657C693A313536313638313536333B69645573756172696F7C733A313A2231223B6E6F6D655F7573756172696F7C733A31333A226272756E61747265676E61676F223B6C6F6761646F7C623A313B),
	('uaa87143mnqqajigkvdjrkorle73ijep', '127.0.0.1', 1561682008, _binary 0x5F5F63695F6C6173745F726567656E65726174657C693A313536313638323030383B69645573756172696F7C733A313A2231223B6E6F6D655F7573756172696F7C733A31333A226272756E61747265676E61676F223B6C6F6761646F7C623A313B),
	('lbf4468155j43v8qjf0svfpb37k0h3ml', '127.0.0.1', 1561682309, _binary 0x5F5F63695F6C6173745F726567656E65726174657C693A313536313638323330393B69645573756172696F7C733A313A2231223B6E6F6D655F7573756172696F7C733A31333A226272756E61747265676E61676F223B6C6F6761646F7C623A313B),
	('jf5ov4tof0p81mhpu8ktg9cgq95rvpan', '127.0.0.1', 1561682719, _binary 0x5F5F63695F6C6173745F726567656E65726174657C693A313536313638323731393B69645573756172696F7C733A313A2231223B6E6F6D655F7573756172696F7C733A31333A226272756E61747265676E61676F223B6C6F6761646F7C623A313B),
	('eqb9b8b3k7739l4obolu1c63fhnbkk7h', '127.0.0.1', 1561683055, _binary 0x5F5F63695F6C6173745F726567656E65726174657C693A313536313638333035353B69645573756172696F7C733A313A2231223B6E6F6D655F7573756172696F7C733A31333A226272756E61747265676E61676F223B6C6F6761646F7C623A313B),
	('vq3o4jr38f1orcddd19rnj8o169mu6af', '127.0.0.1', 1561683273, _binary 0x5F5F63695F6C6173745F726567656E65726174657C693A313536313638333035353B69645573756172696F7C733A313A2231223B6E6F6D655F7573756172696F7C733A31333A226272756E61747265676E61676F223B6C6F6761646F7C623A313B),
	('h51mvvd81be085k5hctbo8gku3b4ca84', '127.0.0.1', 1561683101, _binary 0x5F5F63695F6C6173745F726567656E65726174657C693A313536313638333038333B);
/*!40000 ALTER TABLE `ci_sessions` ENABLE KEYS */;

-- Copiando estrutura para tabela mercado.tb_acesso
CREATE TABLE IF NOT EXISTS `tb_acesso` (
  `id_acesso` int(11) NOT NULL AUTO_INCREMENT,
  `nivel_acesso` varchar(45) NOT NULL,
  `tipo_acesso` varchar(45) NOT NULL,
  PRIMARY KEY (`id_acesso`)
) ENGINE=InnoDB AUTO_INCREMENT=2 DEFAULT CHARSET=utf8;

-- Copiando dados para a tabela mercado.tb_acesso: ~0 rows (aproximadamente)
/*!40000 ALTER TABLE `tb_acesso` DISABLE KEYS */;
INSERT INTO `tb_acesso` (`id_acesso`, `nivel_acesso`, `tipo_acesso`) VALUES
	(1, 'Administrador', 'Administrar os dados do website');
/*!40000 ALTER TABLE `tb_acesso` ENABLE KEYS */;

-- Copiando estrutura para tabela mercado.tb_bairro
CREATE TABLE IF NOT EXISTS `tb_bairro` (
  `id_bairro` int(11) NOT NULL AUTO_INCREMENT,
  `cd_cidade` int(11) NOT NULL,
  `nome_bairro` varchar(50) NOT NULL,
  PRIMARY KEY (`id_bairro`),
  KEY `cd_cidade` (`cd_cidade`),
  CONSTRAINT `tb_bairro_ibfk_1` FOREIGN KEY (`cd_cidade`) REFERENCES `tb_cidade` (`id_cidade`) ON DELETE NO ACTION ON UPDATE NO ACTION
) ENGINE=InnoDB AUTO_INCREMENT=3 DEFAULT CHARSET=utf8;

-- Copiando dados para a tabela mercado.tb_bairro: ~0 rows (aproximadamente)
/*!40000 ALTER TABLE `tb_bairro` DISABLE KEYS */;
INSERT INTO `tb_bairro` (`id_bairro`, `cd_cidade`, `nome_bairro`) VALUES
	(2, 2, 'Agostini');
/*!40000 ALTER TABLE `tb_bairro` ENABLE KEYS */;

-- Copiando estrutura para tabela mercado.tb_categoria
CREATE TABLE IF NOT EXISTS `tb_categoria` (
  `id_categoria` int(11) NOT NULL AUTO_INCREMENT,
  `nome_categoria` varchar(45) NOT NULL,
  `cd_departamento` int(11) NOT NULL,
  PRIMARY KEY (`id_categoria`),
  KEY `cd_departamento` (`cd_departamento`),
  CONSTRAINT `tb_categoria_ibfk_1` FOREIGN KEY (`cd_departamento`) REFERENCES `tb_departamento` (`id_departamento`) ON DELETE NO ACTION ON UPDATE NO ACTION
) ENGINE=InnoDB AUTO_INCREMENT=40 DEFAULT CHARSET=utf8;

-- Copiando dados para a tabela mercado.tb_categoria: ~37 rows (aproximadamente)
/*!40000 ALTER TABLE `tb_categoria` DISABLE KEYS */;
INSERT INTO `tb_categoria` (`id_categoria`, `nome_categoria`, `cd_departamento`) VALUES
	(3, 'Grãos', 2),
	(4, 'Óleos, Azeites e Vinagres', 2),
	(5, 'Farinhas', 2),
	(6, 'Temperos', 2),
	(7, 'Massas e Molhos', 2),
	(8, 'Doces e Sobremesas', 2),
	(9, 'Refrigerantes', 3),
	(10, 'Sucos', 3),
	(11, 'Cervejas', 3),
	(12, 'Destilados e Energéticos', 3),
	(13, 'Vinhos e Espumantes', 3),
	(14, 'Chás', 3),
	(15, 'Frutas', 4),
	(16, 'Legumes e Verduras', 4),
	(17, 'Louças', 5),
	(18, 'Lavanderia', 5),
	(19, 'Inseticidas', 5),
	(20, 'Automóveis', 5),
	(21, 'Corporal e Facial', 6),
	(22, 'Cabelos', 6),
	(23, 'Higiene Bucal', 6),
	(24, 'Infatil', 6),
	(25, 'Bovina', 7),
	(26, 'Suína', 7),
	(27, 'Frango', 7),
	(28, 'Defumados e Embutidos', 7),
	(29, 'Peixes', 7),
	(30, 'Leite', 8),
	(31, 'Queijos', 8),
	(32, 'Manteigas e Margarinas', 8),
	(33, 'Iogurtes', 8),
	(34, 'Copa e Cozinha', 9),
	(35, 'Pilhas e Lâmpadas', 9),
	(36, 'Pratos Prontos', 10),
	(37, 'Hambúrgueres e outros', 10),
	(38, 'Sorvetes e Picolés', 10),
	(39, 'Ovos', 4);
/*!40000 ALTER TABLE `tb_categoria` ENABLE KEYS */;

-- Copiando estrutura para tabela mercado.tb_cidade
CREATE TABLE IF NOT EXISTS `tb_cidade` (
  `id_cidade` int(11) NOT NULL AUTO_INCREMENT,
  `nome_cidade` varchar(120) NOT NULL,
  `cd_estado` int(11) NOT NULL,
  PRIMARY KEY (`id_cidade`),
  KEY `cd_estado` (`cd_estado`),
  CONSTRAINT `tb_cidade_ibfk_1` FOREIGN KEY (`cd_estado`) REFERENCES `tb_estado` (`id_estado`) ON DELETE NO ACTION ON UPDATE NO ACTION
) ENGINE=InnoDB AUTO_INCREMENT=3 DEFAULT CHARSET=utf8;

-- Copiando dados para a tabela mercado.tb_cidade: ~0 rows (aproximadamente)
/*!40000 ALTER TABLE `tb_cidade` DISABLE KEYS */;
INSERT INTO `tb_cidade` (`id_cidade`, `nome_cidade`, `cd_estado`) VALUES
	(2, 'São Miguel do Oeste', 2);
/*!40000 ALTER TABLE `tb_cidade` ENABLE KEYS */;

-- Copiando estrutura para tabela mercado.tb_departamento
CREATE TABLE IF NOT EXISTS `tb_departamento` (
  `id_departamento` int(11) NOT NULL AUTO_INCREMENT,
  `nome_departamento` varchar(45) NOT NULL,
  PRIMARY KEY (`id_departamento`)
) ENGINE=InnoDB AUTO_INCREMENT=11 DEFAULT CHARSET=utf8;

-- Copiando dados para a tabela mercado.tb_departamento: ~8 rows (aproximadamente)
/*!40000 ALTER TABLE `tb_departamento` DISABLE KEYS */;
INSERT INTO `tb_departamento` (`id_departamento`, `nome_departamento`) VALUES
	(2, 'Mercearia'),
	(3, 'Bebidas'),
	(4, 'Hortifruti'),
	(5, 'Limpeza'),
	(6, 'Higiene e beleza'),
	(7, 'Carnes'),
	(8, 'Laticínios'),
	(9, 'Materiais'),
	(10, 'Congelados');
/*!40000 ALTER TABLE `tb_departamento` ENABLE KEYS */;

-- Copiando estrutura para tabela mercado.tb_entrega
CREATE TABLE IF NOT EXISTS `tb_entrega` (
  `id_entrega` int(11) NOT NULL AUTO_INCREMENT,
  `descricao_endereco` varchar(150) NOT NULL,
  `telefone_entrega` varchar(15) NOT NULL,
  `cd_cliente` int(11) NOT NULL,
  `cd_venda` int(11) NOT NULL,
  PRIMARY KEY (`id_entrega`),
  KEY `cd_cliente` (`cd_cliente`),
  KEY `fk_tb_entrega_tb_venda1` (`cd_venda`),
  CONSTRAINT `fk_tb_entrega_tb_venda1` FOREIGN KEY (`cd_venda`) REFERENCES `tb_venda` (`id_venda`) ON DELETE NO ACTION ON UPDATE NO ACTION,
  CONSTRAINT `tb_entrega_ibfk_1` FOREIGN KEY (`cd_cliente`) REFERENCES `tb_cliente` (`id_cliente`) ON DELETE NO ACTION ON UPDATE NO ACTION
) ENGINE=InnoDB DEFAULT CHARSET=utf8;

-- Copiando dados para a tabela mercado.tb_entrega: ~0 rows (aproximadamente)
/*!40000 ALTER TABLE `tb_entrega` DISABLE KEYS */;
/*!40000 ALTER TABLE `tb_entrega` ENABLE KEYS */;

-- Copiando estrutura para tabela mercado.tb_estado
CREATE TABLE IF NOT EXISTS `tb_estado` (
  `id_estado` int(11) NOT NULL AUTO_INCREMENT,
  `nome_estado` varchar(80) NOT NULL,
  `cd_pais` int(11) NOT NULL,
  PRIMARY KEY (`id_estado`),
  KEY `cd_pais` (`cd_pais`),
  CONSTRAINT `tb_estado_ibfk_1` FOREIGN KEY (`cd_pais`) REFERENCES `tb_pais` (`id_pais`) ON DELETE NO ACTION ON UPDATE NO ACTION
) ENGINE=InnoDB AUTO_INCREMENT=4 DEFAULT CHARSET=utf8;

-- Copiando dados para a tabela mercado.tb_estado: ~0 rows (aproximadamente)
/*!40000 ALTER TABLE `tb_estado` DISABLE KEYS */;
INSERT INTO `tb_estado` (`id_estado`, `nome_estado`, `cd_pais`) VALUES
	(2, 'SC', 1),
	(3, 'RS', 1);
/*!40000 ALTER TABLE `tb_estado` ENABLE KEYS */;

-- Copiando estrutura para tabela mercado.tb_medida_valor
CREATE TABLE IF NOT EXISTS `tb_medida_valor` (
  `id_medida_valor` int(11) NOT NULL AUTO_INCREMENT,
  `medida_valor` varchar(5) NOT NULL,
  PRIMARY KEY (`id_medida_valor`)
) ENGINE=InnoDB AUTO_INCREMENT=3 DEFAULT CHARSET=utf8;

-- Copiando dados para a tabela mercado.tb_medida_valor: ~2 rows (aproximadamente)
/*!40000 ALTER TABLE `tb_medida_valor` DISABLE KEYS */;
INSERT INTO `tb_medida_valor` (`id_medida_valor`, `medida_valor`) VALUES
	(1, 'Un'),
	(2, 'kg');
/*!40000 ALTER TABLE `tb_medida_valor` ENABLE KEYS */;

-- Copiando estrutura para tabela mercado.tb_pais
CREATE TABLE IF NOT EXISTS `tb_pais` (
  `id_pais` int(11) NOT NULL AUTO_INCREMENT,
  `nome_pais` varchar(80) NOT NULL,
  PRIMARY KEY (`id_pais`)
) ENGINE=InnoDB AUTO_INCREMENT=3 DEFAULT CHARSET=utf8;

-- Copiando dados para a tabela mercado.tb_pais: ~0 rows (aproximadamente)
/*!40000 ALTER TABLE `tb_pais` DISABLE KEYS */;
INSERT INTO `tb_pais` (`id_pais`, `nome_pais`) VALUES
	(1, 'Brasil'),
	(2, 'Argentina');
/*!40000 ALTER TABLE `tb_pais` ENABLE KEYS */;

-- Copiando estrutura para tabela mercado.tb_produto
CREATE TABLE IF NOT EXISTS `tb_produto` (
  `id_produto` int(11) NOT NULL AUTO_INCREMENT,
  `nome_produto` varchar(85) NOT NULL,
  `valor_unitario_produto` decimal(5,2) NOT NULL,
  `peso_produto` int(11) NOT NULL,
  `imagem_produto` varchar(140) DEFAULT NULL,
  `cd_departamento` int(11) NOT NULL,
  `cd_categoria` int(11),
  `cd_subcategoria` int(11),
  `cd_unidade_medida` int(11) NOT NULL,
  `cd_medida_valor` int(11) NOT NULL,
  PRIMARY KEY (`id_produto`),
  KEY `cd_departamento` (`cd_departamento`),
  KEY `fk_tb_produto_tb_categoria1` (`cd_categoria`),
  KEY `fk_tb_produto_tb_subcategoria1` (`cd_subcategoria`),
  KEY `fk_tb_produto_tb_unidade_medida1` (`cd_unidade_medida`),
  KEY `FK_tb_produto_tb_medida_valor` (`cd_medida_valor`),
  CONSTRAINT `FK_tb_produto_tb_medida_valor` FOREIGN KEY (`cd_medida_valor`) REFERENCES `tb_medida_valor` (`id_medida_valor`) ON DELETE NO ACTION ON UPDATE NO ACTION,
  CONSTRAINT `fk_tb_produto_tb_categoria1` FOREIGN KEY (`cd_categoria`) REFERENCES `tb_categoria` (`id_categoria`) ON DELETE NO ACTION ON UPDATE NO ACTION,
  CONSTRAINT `fk_tb_produto_tb_subcategoria1` FOREIGN KEY (`cd_subcategoria`) REFERENCES `tb_subcategoria` (`id_subcategoria`) ON DELETE NO ACTION ON UPDATE NO ACTION,
  CONSTRAINT `fk_tb_produto_tb_unidade_medida1` FOREIGN KEY (`cd_unidade_medida`) REFERENCES `tb_unidade_medida` (`id_medida`) ON DELETE NO ACTION ON UPDATE NO ACTION,
  CONSTRAINT `tb_produto_ibfk_1` FOREIGN KEY (`cd_departamento`) REFERENCES `tb_departamento` (`id_departamento`) ON DELETE NO ACTION ON UPDATE NO ACTION
) ENGINE=InnoDB AUTO_INCREMENT=33 DEFAULT CHARSET=utf8;

-- Copiando dados para a tabela mercado.tb_produto: ~6 rows (aproximadamente)
/*!40000 ALTER TABLE `tb_produto` DISABLE KEYS */;
INSERT INTO `tb_produto` (`id_produto`, `nome_produto`, `valor_unitario_produto`, `peso_produto`, `imagem_produto`, `cd_departamento`, `cd_categoria`, `cd_subcategoria`, `cd_unidade_medida`, `cd_medida_valor`) VALUES
	(1, 'Sorvete Chocolate', 12.00, 1, NULL, 10, 38, 25, 4, 1),
	(27, 'Feijão Preto', 4.00, 500, 'fe.jpg', 2, 3, 4, 3, 1),
	(28, 'Feijão Carioca', 6.50, 1, NULL, 2, 3, 4, 2, 1),
	(29, 'Arroz Kiarroz', 7.25, 1, NULL, 2, 3, 5, 2, 1),
	(30, 'Feijão Roxo', 5.00, 1, NULL, 2, 3, 4, 2, 1),
	(31, 'Arroz Chino', 8.00, 1, NULL, 2, 3, 5, 2, 1),
	(32, 'Farinha Sananduva', 8.99, 5, NULL, 2, 5, 7, 2, 1);
/*!40000 ALTER TABLE `tb_produto` ENABLE KEYS */;

-- Copiando estrutura para tabela mercado.tb_produto_promocao
CREATE TABLE IF NOT EXISTS `tb_produto_promocao` (
  `cd_produto` int(11) NOT NULL,
  `cd_promocao` int(11) NOT NULL,
  PRIMARY KEY (`cd_produto`,`cd_promocao`),
  KEY `fk_tb_produto_has_tb_promocao_tb_promocao1` (`cd_promocao`),
  CONSTRAINT `fk_tb_produto_has_tb_promocao_tb_promocao1` FOREIGN KEY (`cd_promocao`) REFERENCES `tb_promocao` (`id_promocao`) ON DELETE NO ACTION ON UPDATE NO ACTION,
  CONSTRAINT `tb_produto_promocao_ibfk_1` FOREIGN KEY (`cd_produto`) REFERENCES `tb_produto` (`id_produto`) ON DELETE NO ACTION ON UPDATE NO ACTION
) ENGINE=InnoDB DEFAULT CHARSET=utf8;

-- Copiando dados para a tabela mercado.tb_produto_promocao: ~2 rows (aproximadamente)
/*!40000 ALTER TABLE `tb_produto_promocao` DISABLE KEYS */;
INSERT INTO `tb_produto_promocao` (`cd_produto`, `cd_promocao`) VALUES
	(27, 1),
	(31, 1);
/*!40000 ALTER TABLE `tb_produto_promocao` ENABLE KEYS */;

-- Copiando estrutura para tabela mercado.tb_promocao
CREATE TABLE IF NOT EXISTS `tb_promocao` (
  `id_promocao` int(11) NOT NULL AUTO_INCREMENT,
  `nome_promocao` varchar(45) NOT NULL,
  `porcento_desconto` float NOT NULL,
  `inicio_promocao` date NOT NULL,
  `fim_promocao` date NOT NULL,
  PRIMARY KEY (`id_promocao`)
) ENGINE=InnoDB AUTO_INCREMENT=3 DEFAULT CHARSET=utf8;

-- Copiando dados para a tabela mercado.tb_promocao: ~1 rows (aproximadamente)
/*!40000 ALTER TABLE `tb_promocao` DISABLE KEYS */;
INSERT INTO `tb_promocao` (`id_promocao`, `nome_promocao`, `porcento_desconto`, `inicio_promocao`, `fim_promocao`) VALUES
	(1, 'Promoção de Férias', 10, '2019-06-23', '2019-06-29');
/*!40000 ALTER TABLE `tb_promocao` ENABLE KEYS */;

-- Copiando estrutura para tabela mercado.tb_subcategoria
CREATE TABLE IF NOT EXISTS `tb_subcategoria` (
  `id_subcategoria` int(11) NOT NULL AUTO_INCREMENT,
  `cd_categoria` int(11) NOT NULL,
  `nome_subcategoria` varchar(45) NOT NULL,
  PRIMARY KEY (`id_subcategoria`),
  KEY `cd_categoria` (`cd_categoria`),
  CONSTRAINT `tb_subcategoria_ibfk_1` FOREIGN KEY (`cd_categoria`) REFERENCES `tb_categoria` (`id_categoria`) ON DELETE NO ACTION ON UPDATE NO ACTION
) ENGINE=InnoDB AUTO_INCREMENT=26 DEFAULT CHARSET=utf8;

-- Copiando dados para a tabela mercado.tb_subcategoria: ~22 rows (aproximadamente)
/*!40000 ALTER TABLE `tb_subcategoria` DISABLE KEYS */;
INSERT INTO `tb_subcategoria` (`id_subcategoria`, `cd_categoria`, `nome_subcategoria`) VALUES
	(4, 3, 'Feijão'),
	(5, 3, 'Arroz'),
	(6, 4, 'Óleos'),
	(7, 5, 'Farinha de Trigo'),
	(8, 6, 'Ervas'),
	(9, 7, 'Macarrão'),
	(10, 8, 'Bolos'),
	(11, 9, 'Refrigerantes'),
	(12, 10, 'Sucos Naturais'),
	(13, 11, 'Artesanal'),
	(14, 12, 'Cachaças'),
	(15, 13, 'Vinhos'),
	(16, 16, 'Legumes'),
	(17, 17, 'Cozinha'),
	(18, 18, 'Sabão'),
	(19, 21, 'Sabonetes'),
	(20, 22, 'Condicionador'),
	(21, 23, 'Pasta Dental'),
	(22, 30, 'Achocolatados'),
	(23, 36, 'Pizzas'),
	(24, 36, 'Lasanhas'),
	(25, 38, 'Sorvetes');
/*!40000 ALTER TABLE `tb_subcategoria` ENABLE KEYS */;

-- Copiando estrutura para tabela mercado.tb_unidade_medida
CREATE TABLE IF NOT EXISTS `tb_unidade_medida` (
  `id_medida` int(11) NOT NULL AUTO_INCREMENT,
  `medida` varchar(20) NOT NULL,
  PRIMARY KEY (`id_medida`)
) ENGINE=InnoDB AUTO_INCREMENT=6 DEFAULT CHARSET=utf8;

-- Copiando dados para a tabela mercado.tb_unidade_medida: ~5 rows (aproximadamente)
/*!40000 ALTER TABLE `tb_unidade_medida` DISABLE KEYS */;
INSERT INTO `tb_unidade_medida` (`id_medida`, `medida`) VALUES
	(2, 'Kg'),
	(3, 'g'),
	(4, 'L'),
	(5, 'ml');
/*!40000 ALTER TABLE `tb_unidade_medida` ENABLE KEYS */;

-- Copiando estrutura para tabela mercado.tb_usuario
CREATE TABLE IF NOT EXISTS `tb_usuario` (
  `id_usuario` int(11) NOT NULL AUTO_INCREMENT,
  `nome_usuario` varchar(135) NOT NULL,
  `email_usuario` varchar(135) NOT NULL,
  `senha_usuario` char(100) NOT NULL,
  `cd_acesso` int(11) NOT NULL,
  PRIMARY KEY (`id_usuario`),
  KEY `cd_acesso` (`cd_acesso`),
  CONSTRAINT `tb_usuario_ibfk_1` FOREIGN KEY (`cd_acesso`) REFERENCES `tb_acesso` (`id_acesso`) ON DELETE NO ACTION ON UPDATE NO ACTION
) ENGINE=InnoDB AUTO_INCREMENT=2 DEFAULT CHARSET=utf8;

-- Copiando dados para a tabela mercado.tb_usuario: ~1 rows (aproximadamente)
/*!40000 ALTER TABLE `tb_usuario` DISABLE KEYS */;
INSERT INTO `tb_usuario` (`id_usuario`, `nome_usuario`, `email_usuario`, `senha_usuario`, `cd_acesso`) VALUES
	(1, 'brunatregnago', 'bruna.tregnago@aluno.sc.senac.br', 'aebf69e3c0044173147f6a94bfedf01d4c532c99', 1);
/*!40000 ALTER TABLE `tb_usuario` ENABLE KEYS */;

/*!40101 SET SQL_MODE=IFNULL(@OLD_SQL_MODE, '') */;
/*!40014 SET FOREIGN_KEY_CHECKS=IF(@OLD_FOREIGN_KEY_CHECKS IS NULL, 1, @OLD_FOREIGN_KEY_CHECKS) */;
/*!40101 SET CHARACTER_SET_CLIENT=@OLD_CHARACTER_SET_CLIENT */;
